,high_scoring,ccd,maximum_distance,medium_scoring,borderline,high_scoring & ccd,high_scoring & maximum_distance,ccd & maximum_distance,high_scoring & ccd & maximum_distance
binding_site.002,2.5316455696202533,10.126582278481013,5.063291139240507,3.79746835443038,1.2658227848101267,0.0,1.2658227848101267,2.5316455696202533,0.0
binding_site.004,1.2658227848101267,1.2658227848101267,5.063291139240507,1.2658227848101267,0.0,1.2658227848101267,1.2658227848101267,1.2658227848101267,1.2658227848101267
binding_site.006,1.2658227848101267,3.79746835443038,0.0,1.2658227848101267,0.0,0.0,0.0,0.0,0.0
binding_site.007,0.0,1.2987012987012987,2.5974025974025974,2.5974025974025974,2.5974025974025974,0.0,0.0,0.0,0.0
binding_site.008,0.0,1.2658227848101267,3.79746835443038,0.0,0.0,0.0,0.0,1.2658227848101267,0.0
binding_site.009,0.0,0.0,0.0,0.0,0.0,0.0,0.0,0.0,0.0
binding_site.010,0.0,0.0,0.0,0.0,0.0,0.0,0.0,0.0,0.0
binding_site.001,25.0,84.375,87.5,43.75,18.75,25.0,25.0,84.375,25.0
binding_site.003,2.7777777777777777,5.555555555555555,63.888888888888886,5.555555555555555,2.7777777777777777,2.7777777777777777,2.7777777777777777,5.555555555555555,2.7777777777777777
binding_site.005,0.0,28.333333333333332,5.0,1.6666666666666667,1.6666666666666667,0.0,0.0,5.0,0.0
binding_site.000,50.0,100.0,100.0,100.0,50.0,50.0,50.0,100.0,50.0
